{
    "interval": 4.793269230769231,
    "fire_confidence": 0.1592920353982301,
    "smoke_confidence": 0.23893805309734514
}